Keyword,Volume,SD,Tags
thai fashion,320,28,thai-fashion
traditional thai clothes men,320,29,traditional-thai-clothes
winter korean fashion,720,30,korean-winter-fashion
korean fashion jeans,140,23,korean-fashion
gift for chinese mom,320,33,asian-gift-guide
dress korean fashion,590,23,korean-fashion
asian fashion model,110,26,korean-fashion-brands
cute clothes stores near me,720,34,faq
petite clothes for women near me,90,34,petite-clothes-for-women
japanese cute fashion,1000,31,japanese-kawaii-fashion
trendy clothes near me,210,35,faq
good gift for chinese new year,110,23,asian-gift-guide
1980s pop fashion,110,27,pop-fashion-decades
cute clothes for cold weather,720,25,cute-clothes-for-winter
what does women's petite clothes mean,70,35,what-does-petite-mean
unique yoga clothes,110,46,statement-pieces
petite dresses linen,1000,23,petite-dresses
cheap petite clothes,390,28,petite-clothes-for-women
cute clothes for petite women,140,28,petite-clothes-for-women
japan cute fashion,880,34,japanese-kawaii-fashion
thai fashion brand,210,20,thai-fashion
korean fashion online store,880,55,korean-fashion
korean style winter wear,590,23,korean-winter-fashion
shop for petite clothes,1900,20,petite-clothes-for-women
inexpensive petite clothes,320,27,petite-clothes-for-women
best korean clothes brands,210,31,korean-fashion-brands
korean cute fashion style,40,24,japanese-kawaii-fashion
ladies asian fashion,140,29,asian-fashion
petite exercise clothes,390,25,petite-clothes-for-women
thailand clothes to wear,170,19,thai-fashion
cute fashion korean,110,29,japanese-kawaii-fashion
korean clothes store near me,590,24,faq
too cute clothes,90,31,cute-fashion
petite dresses mini,1600,26,petite-dresses
elegant chic fashion,170,29,affordable-luxury-clothes
gift for chinese new year,2400,19,asian-gift-guide
cute clothes for high schoolers,590,34,cute-fashion-for-teens
korean clothes sizes,210,26,size-guide
korean fashion men's clothing,2900,20,korean-fashion-for-men
seoul fashion,390,31,korean-street-style
chic clothes for men,210,35,korean-fashion-for-men
korean clothes culture,260,29,traditional-korean-clothes
korean fashion online,720,54,korean-fashion
cute fashion style,480,31,cute-fashion
korean fashion women,1300,30,korean-fashion
cute clothes pink,70,28,japanese-kawaii-fashion
hmong thai clothes,110,26,traditional-thai-clothes
trendy petite clothes for women,320,31,petite-clothes-for-women
little princess cute fashion,30,30,japanese-kawaii-fashion
korean clothes near me,320,22,faq
korean fashion backpack,170,28,korean-street-style
korean fashion men,2400,32,korean-fashion-for-men
kpop fashion dress,50,34,kpop-fashion
gift for chinese wedding,260,36,asian-gift-guide
korean fashion shoes,110,30,korean-street-style
petite kaftan dresses,320,15,petite-dresses
best korean clothes brand,170,30,korean-fashion-brands
korean fashion for women,880,25,korean-fashion
korean fashion trends,210,35,korean-street-style
petite fashion for women,480,28,petite-clothes-for-women
thai clothes online shopping,90,33,thai-fashion
korean clothes woman,1000,26,korean-fashion
cute clothes with bows,40,23,japanese-kawaii-fashion
chic style women,320,29,chic-style
coastal chic fashion,390,17,chic-boho-clothes
korean fashion wear,1600,64,korean-fashion
kpop style clothes,880,36,kpop-fashion
korean clothes traditional,8100,24,traditional-korean-clothes
k pop fashion store,70,34,kpop-fashion
petite dresses prom,2400,44,petite-evening-dresses
korean fashion idea,170,34,korean-street-style
korean wear online,720,44,korean-fashion
city pop fashion,110,46,pop-fashion-decades
korean clothes casual,170,28,korean-fashion
kpop fashion for female,170,27,kpop-outfit-ideas
bangkok fashion island,140,14,bangkok-shopping-guide
asian gift store near me,720,25,asian-gift-guide
k pop fashion trends,70,32,kpop-fashion
petite dresses summer,4400,31,petite-dresses
2 cute clothes,210,22,cute-fashion
petite clothes women over 50,170,32,petite-fashion-over-50
classy chic fashion,390,35,affordable-luxury-clothes
petite cute clothes,170,27,petite-clothes-for-women
petite dresses long sleeve,880,20,petite-dresses
petite clothes definition,90,35,what-does-petite-mean
pinterest cute clothes,2400,33,cute-fashion
affordable cute clothes for juniors,30,24,cute-fashion-for-teens
korean fashion aesthetics,170,23,korean-street-style
cute xmas outfits,3600,35,cute-clothes-for-winter
korean fashion hair,140,31,korean-street-style
plus size petite fashion,880,30,what-does-petite-mean
cute fashion tennis shoes,170,35,statement-pieces
black cute clothes,210,29,cute-fashion
thai clothes brand,170,22,thai-fashion
south korean fashion designers,210,26,korean-fashion-brands
kpop outfits female,880,30,kpop-outfit-ideas
petite dresses for wedding,5400,23,petite-dresses-for-wedding-guest
chic vintage style,140,22,chic-boho-clothes
petite fashion reddit,70,30,petite-fashion-over-50
korean fashion bag,140,27,korean-street-style
korean fashion cute,110,30,japanese-kawaii-fashion
petite dress long sleeve,1000,30,petite-dresses
south korean fashion men,90,39,korean-fashion-for-men
kpop fashion trend,70,23,kpop-fashion
cute clothes to wear on a date,30,33,cute-clothes-for-winter
korean fashion styles,260,25,korean-street-style
gift for asian dad,170,28,asian-gift-guide
80s pop fashion,110,31,pop-fashion-decades
asian fashion houses,320,28,korean-fashion-brands
traditional thai clothes,8100,30,traditional-thai-clothes
size chart korean clothes,110,5,size-guide
cute clothes for christmas,3600,33,cute-clothes-for-winter
creepy cute clothes,110,29,japanese-kawaii-fashion
cute clothes for middle aged women,40,30,cute-fashion
korean fashion outfit,260,41,korean-street-style
cute clothes kawaii,50,29,japanese-kawaii-fashion
petite dresses for women,14800,34,petite-dresses
kpop fashion online store,50,37,kpop-fashion
traditional thai clothes for women,260,26,traditional-thai-clothes
kpop costumes adults,210,44,kpop-outfit-ideas
2000s pop fashion,40,34,pop-fashion-decades
statement fashion,1300,31,statement-pieces
gifts for asian moms,260,29,asian-gift-guide
petite dresses wedding,6600,21,petite-dresses-for-wedding-guest
bangkok clothes shopping,140,27,bangkok-shopping-guide
cute clothes sets,320,30,cute-fashion
cute clothes anime,70,30,japanese-kawaii-fashion
bangkok clothes,170,30,bangkok-shopping-guide
90s pop fashion,90,32,pop-fashion-decades
french chic fashion,880,28,chic-style
asian fashion for women,320,29,asian-fashion
creepy cute fashion,70,29,japanese-kawaii-fashion
cute fall fashion,480,35,cute-clothes-for-winter
korean fashion glasses,260,34,korean-street-style
casual korean fashion,390,33,korean-fashion
korean clothes name,170,40,traditional-korean-clothes
pop art clothing,260,28,pop-fashion-decades
petite fashion blog,170,32,petite-fashion-over-50
asian fashion for men,1000,32,korean-fashion-for-men
1920s asian fashion,260,18,pop-fashion-decades
winter korean fashion men,140,21,korean-fashion-for-men
trendy fashion jewelry,590,30,statement-pieces
chic attire for women,210,22,chic-style
thailand clothes traditional,6600,32,traditional-thai-clothes
asian fashion street style,320,34,korean-street-style
cute petite clothes,170,27,petite-clothes-for-women
kawaii cute fashion,880,26,japanese-kawaii-fashion
petite fashion over 50,2900,36,petite-fashion-over-50
petite clothes for women over 60,390,26,petite-fashion-over-50
kpop clothes near me,90,27,kpop-fashion
korean clothes pants,1000,44,korean-fashion
south asian fashion,170,26,asian-fashion
chic dress code,480,17,chic-style
cute clothes preppy,40,23,cute-fashion-for-teens
petite clothes for teens,720,22,cute-fashion-for-teens
korean fashion wholesaler,140,21,faq
petite clothes for work,320,33,petite-clothes-for-women
comfy cute clothes,1300,23,cute-fashion
korean fashion jacket,140,29,korean-winter-fashion
korean fashion female,1300,24,korean-fashion
gift for asian mom,320,44,asian-gift-guide
kpop outfit men,1000,33,kpop-fashion-for-men
korean fashion model,90,31,korean-fashion-brands
1960s pop fashion,260,16,pop-fashion-decades
korean fashion men suit,140,27,korean-fashion-for-men
preppy cute clothes,320,25,cute-fashion-for-teens
thai clothes for men,210,31,traditional-thai-clothes
kpop outfit ideas,880,34,kpop-outfit-ideas
k pop fashion,2900,35,kpop-fashion
petite dresses party,720,28,petite-evening-dresses
petite dresses with sleeves,390,28,petite-dresses
thailand clothes for women,170,23,thai-fashion
cute clothes for dance,140,33,cute-fashion-for-teens
kpop fashion men,260,29,kpop-fashion-for-men
chic boho clothes,33100,25,chic-boho-clothes
chic attire women,260,26,chic-style
brit pop fashion,320,16,pop-fashion-decades
cute clothes y2k,140,24,pop-fashion-decades
kpop shirts near me,210,23,kpop-fashion
bangkok thailand clothes,210,24,bangkok-shopping-guide
cute clothes tumblr crop tops,40,5,pop-fashion-decades
korean fashion guy,2400,31,korean-fashion-for-men
korean fashion suit,110,26,korean-fashion-for-men
korean fashion winter,720,30,korean-winter-fashion
petite dresses evening wear,4400,18,petite-evening-dresses
korean fashion clothes for women,320,31,korean-fashion
cute fashion,480,65,cute-fashion
petite dresses purple,390,23,petite-dresses
asian fashion style,140,30,asian-fashion
korean clothes sizing,260,24,size-guide
korean fashion aesthetic,170,25,korean-street-style
gift for chinese new year 2026,110,5,asian-gift-guide
petite dress pants for women,880,32,petite-clothes-for-women
sporty chic fashion,260,17,chic-style
cutecore fashion,480,29,japanese-kawaii-fashion
chic dress to impress,1300,29,chic-style
petite dresses cotton,720,23,petite-dresses
korean fashion ideas,110,33,korean-street-style
casual cute clothes,110,30,cute-fashion
kpop fashion styles,720,32,kpop-fashion
chic fashion,2400,31,chic-style
petite dress pants,1600,27,petite-clothes-for-women
cute clothes accessories,40,29,statement-pieces
cute fashion sneakers,140,29,statement-pieces
cute clothes for italy,30,22,cute-vacation-outfits
chic style,4400,35,chic-style
summer korean fashion,720,30,korean-street-style
korean fashion in winter,720,24,korean-winter-fashion
cheap cute clothes stores,90,35,cute-fashion
aesthetic cute clothes,720,29,cute-fashion
cute kawaii fashion,880,31,japanese-kawaii-fashion
cute clothes to wear,590,30,cute-fashion
cute clothes for winter,4400,35,cute-clothes-for-winter
men's korean fashion,140,32,korean-fashion-for-men
90's korean fashion,110,28,korean-street-style
petite clothes for juniors,140,23,what-does-petite-mean
modern chic fashion,260,22,chic-style
pop fashion,260,39,pop-fashion-decades
blogs for petite fashion,70,30,petite-fashion-over-50
kpop idol wear,260,23,kpop-fashion
asian petite fashion,70,30,what-does-petite-mean
cute clothes for spring break,260,21,cute-vacation-outfits
korean clothes style men,2400,29,korean-fashion-for-men
cute fashion for teens,4400,31,cute-fashion-for-teens
korean fashion guys,2400,34,korean-fashion-for-men
where to buy petite clothes,390,55,petite-clothes-for-women
cute clothes christmas,40,31,cute-clothes-for-winter
perfectly cute clothes,30,33,cute-fashion
kpop fashion for men,210,30,kpop-fashion-for-men
asian fashion store,1600,32,asian-fashion
casual chic fashion,1900,26,chic-style
korean casual wear,390,28,korean-fashion
korean clothes trend,210,30,korean-street-style
cute clothes inspo,90,30,cute-fashion
cute clothes for vacation,260,24,cute-vacation-outfits
korean fashion winter coat,110,29,korean-winter-fashion
south korean fashion brands,1000,35,korean-fashion-brands
korean fashion brands,5400,32,korean-fashion-brands
minimalist korean fashion,260,29,korean-street-style
kpop inspired clothes,260,30,kpop-fashion
cute clothes for couples,50,31,cute-clothes-for-winter
petite clothes brand,2900,44,petite-clothes-for-women
korean golf clothes,170,13,korean-fashion
modern thai clothes,110,31,thai-fashion
korean clothes brands popular,320,29,korean-fashion-brands
traditional korean clothes for men,1300,29,traditional-korean-clothes
preppy korean fashion,90,29,korean-street-style
girly pop fashion,40,29,pop-fashion-decades
kpop dress up,260,27,kpop-outfit-ideas
petite clothing size,2900,33,size-guide
pictures of cute clothes,110,28,cute-fashion
cheap kpop fashion,50,25,kpop-fashion
cute clothes stores for teens,170,35,cute-fashion-for-teens
cute clothes for camping,720,33,cute-vacation-outfits
korean style clothes men,2400,32,korean-fashion-for-men
cute clothes for chubby ladies,320,32,cute-fashion
stylish fashion jewellery,110,34,statement-pieces
korean fashion online shopping,1000,64,korean-fashion
cute clothes for women in their 20s,40,29,cute-fashion
cute clothes for women in their 30s,50,30,cute-fashion
bubble pop fashion,260,27,pop-fashion-decades
where to buy cute clothes reddit,30,30,cute-fashion
petite dresses maxi,6600,22,petite-dresses
chic attire dress code,480,33,chic-style
asian fashion,1000,28,asian-fashion
korean fashion blazer,90,30,korean-winter-fashion
trendy clothes teens,2900,31,cute-fashion-for-teens
where to buy petite clothes for older ladies online,70,27,petite-fashion-over-50
korean fashion store nyc,170,25,faq
petite dresses for wedding guest,9900,23,petite-dresses-for-wedding-guest
petite meaning in clothes,260,35,what-does-petite-mean
petite dress evening,5400,20,petite-evening-dresses
korean fashion skirt,170,25,korean-fashion
gifts for chinese gift exchange,880,29,asian-gift-guide
kpop clothes,1900,28,kpop-fashion
petite clothes for older women,590,32,petite-fashion-over-50
kpop outfits female ideas,210,30,kpop-outfit-ideas
kpop fashion inspiration,110,30,kpop-outfit-ideas
cute xmas dress,720,31,cute-clothes-for-winter
korean fashion designer,210,23,korean-fashion-brands
pastel cute clothes,110,25,japanese-kawaii-fashion
petite fashion advice,320,34,petite-fashion-over-50
korean fashion casual dress,590,34,korean-fashion
korean fashion websites,210,59,korean-fashion
chic boutique,4400,28,chic-style
petite sundresses,1600,30,petite-dresses
pink cute clothes,110,26,japanese-kawaii-fashion
korean clothes size,210,21,size-guide
petite clothing plus size,880,30,what-does-petite-mean
cute clothes for twins,210,28,cute-fashion
korean fashion clothes men,2900,29,korean-fashion-for-men
petite fashion influencers,110,30,petite-fashion-over-50
korean fashion for guys,1900,33,korean-fashion-for-men
male kpop fashion,260,30,kpop-fashion-for-men
k pop fashion male,210,30,kpop-fashion-for-men
asian fashion women,140,29,asian-fashion
cute clothes aesthetic,110,33,cute-fashion
korean fashion hat,110,34,korean-street-style
chic travel clothes for women,260,36,cute-vacation-outfits
petite fashion for women over 50,140,16,petite-fashion-over-50
cute clothes for a cruise,880,20,cute-vacation-outfits
petite dresses for older women,1600,32,petite-fashion-over-50
korean fashion near me,110,25,faq
traditional korean fashion,9900,32,traditional-korean-clothes
cute clothes for anime,50,30,japanese-kawaii-fashion
seoul clothes,110,24,korean-street-style
chic outfit ideas,170,33,chic-boho-clothes
reddit petite fashion,110,30,petite-fashion-over-50
petite dresses special occasion,3600,22,petite-evening-dresses
petite dress pants for work,1600,30,petite-clothes-for-women
cute clothes for moms,260,29,cute-fashion
affordable luxury clothes,18100,32,affordable-luxury-clothes
rock chic fashion,210,32,chic-style
fashion in thai,390,33,thai-fashion
petite clothes online shopping,260,34,petite-clothes-for-women
male asian fashion,1300,34,korean-fashion-for-men
traditional gift for chinese new year,170,23,asian-gift-guide
korean fashion brand,5400,30,korean-fashion-brands
korean fashion clothes women,260,33,korean-fashion
asian fashion brands,210,28,korean-fashion-brands
kpop merchandise near me,720,54,kpop-fashion
cute clothes for valentine's day,1900,25,cute-clothes-for-winter
korean fashion outfits,210,23,korean-street-style
what does petite clothes mean,1000,22,what-does-petite-mean
kpop clothes style,720,42,kpop-fashion
korean fashion trends male,2400,23,korean-fashion-for-men
men's kpop fashion,70,30,kpop-fashion-for-men
petite clothes for mature women,480,35,petite-fashion-over-50
petite dresses casual,2400,28,petite-dresses
traditional thai fashion,6600,33,traditional-thai-clothes
thai clothes for women,210,32,thai-fashion
unique fashion,880,26,statement-pieces
thailand clothes for men,110,28,traditional-thai-clothes
korean fashion for fall,110,24,korean-winter-fashion
90s pop stars outfits,210,28,pop-fashion-decades
cute clothes near me,880,35,faq
cute clothes to wear on a cruise,70,28,cute-vacation-outfits
korean fashion pants,170,22,korean-fashion
korean fashion and style,320,35,korean-fashion
korean fashion drama,90,25,korean-street-style
cute fashion ideas,6600,34,cute-fashion
korean fashion plus size,210,26,size-guide
korean fashion formal dress,110,8,korean-fashion
korean fashion men pants,110,17,korean-fashion-for-men
kpop fashion,2400,35,kpop-fashion
